Geography,Estimate; Total:,Estimate; Total: - White alone,Estimate; Total: - Black or African American alone,Estimate; Total: - American Indian and Alaska Native alone,Estimate; Total: - Asian alone,Estimate; Total: - Native Hawaiian and Other Pacific Islander alone,Estimate; Total: - Some other race alone,Estimate; Total: - Two or more races:,Estimate; Total: - Two or more races: - Two races including Some other race,"Estimate; Total: - Two or more races: - Two races excluding Some other race, and three or more races"
"Baldwin County, Alabama",208563,180484,18821,1383,914,0,1469,5492,556,4936
"Calhoun County, Alabama",114611,84357,24160,803,1064,0,2129,2098,119,1979
"Cullman County, Alabama",82471,79032,1052,633,763,0,537,454,105,349
"DeKalb County, Alabama",70900,62139,1087,862,74,87,5095,1556,72,1484
"Etowah County, Alabama",102564,83159,16417,484,858,0,107,1539,0,1539
"Houston County, Alabama",104056,71838,27762,443,1054,0,1031,1928,102,1826
"Jefferson County, Alabama",659521,340506,279979,1799,8366,323,14127,14421,1420,13001
"Lauderdale County, Alabama",92318,80596,9513,132,720,60,119,1178,0,1178
"Lee County, Alabama",158991,111185,37968,0,6648,63,828,2299,260,2039
"Limestone County, Alabama",92753,76272,14066,599,364,0,214,1238,0,1238
"Madison County, Alabama",356967,243688,87415,2547,8383,250,4835,9849,311,9538
"Marshall County, Alabama",95157,89605,2764,369,746,0,541,1132,161,971
"Mobile County, Alabama",414836,243284,148001,3328,8269,20,4702,7232,395,6837
"Montgomery County, Alabama",226349,81740,130006,339,5753,36,3774,4701,142,4559
"Morgan County, Alabama",119012,93591,14431,763,1076,0,6454,2697,88,2609
"Shelby County, Alabama",210622,168484,24066,211,4535,197,8566,4563,232,4331
"Talladega County, Alabama",80103,51823,26589,70,548,23,626,424,0,424
"Tuscaloosa County, Alabama",206102,132006,66183,34,3413,0,2851,1615,105,1510
"Anchorage Municipality, Alaska",298192,184841,16102,23916,27142,7669,7935,30587,1142,29445
"Fairbanks North Star Borough, Alaska",100605,75501,4385,7427,3875,503,2357,6557,207,6350
"Matanuska-Susitna Borough, Alaska",104365,86314,1019,5455,1083,141,325,10028,490,9538
"Apache County, Arizona",73112,16162,112,53520,106,54,694,2464,279,2185
"Cochise County, Arizona",125770,109899,5077,1875,2783,434,1913,3789,565,3224
"Coconino County, Arizona",140908,91167,2166,37010,2670,163,2711,5021,484,4537
"Maricopa County, Arizona",4242997,3227510,230642,82300,168720,9808,371556,152461,32753,119708
"Mohave County, Arizona",205249,187492,1614,4870,2029,231,3539,5474,387,5087
"Navajo County, Arizona",110026,50543,755,49003,897,0,4536,4292,297,3995
"Pima County, Arizona",1016206,774608,34344,32670,28713,1550,94614,49707,9993,39714
"Pinal County, Arizona",418540,337571,18679,21796,8568,1357,17937,12632,1240,11392
"Yavapai County, Arizona",225562,209960,1130,3491,2368,207,4025,4381,241,4140
"Yuma County, Arizona",205631,112651,3696,2926,2719,266,78192,5181,628,4553
"Benton County, Arkansas",258291,228649,3896,2656,9343,1350,3509,8888,940,7948
"Craighead County, Arkansas",105835,84134,15243,0,1394,0,2450,2614,330,2284
"Faulkner County, Arkansas",122227,100295,12771,277,1404,739,2809,3932,479,3453
"Garland County, Arkansas",97477,84195,8471,989,1046,0,1347,1429,86,1343
"Jefferson County, Arkansas",70016,28485,40177,46,291,0,435,582,0,582
"Lonoke County, Arkansas",72228,63910,3884,292,1032,0,1309,1801,53,1748
"Pulaski County, Arkansas",393250,218346,142430,799,8604,33,9119,13919,4224,9695
"Saline County, Arkansas",118703,106655,8393,887,1212,0,0,1556,0,1556
"Sebastian County, Arkansas",127793,93101,8645,1893,5547,74,13978,4555,462,4093
"Washington County, Arkansas",228049,174457,8608,2189,5402,4953,25446,6994,948,6046
"Alameda County, California",1647704,688067,174855,10122,483856,13865,171152,105787,21795,83992
"Butte County, California",226864,187892,3563,2567,10665,811,9577,11789,1724,10065
"Contra Costa County, California",1135127,658852,97413,3159,183849,4891,104400,82563,11558,71005
"El Dorado County, California",185625,162495,1795,2379,8904,462,3745,5845,807,5038
"Fresno County, California",979915,640619,47646,10176,101993,1183,143649,34649,7523,27126
"Humboldt County, California",136646,110795,1172,7228,4212,0,3154,10085,681,9404
"Imperial County, California",180883,110971,4122,1808,2731,301,54515,6435,1827,4608
"Kern County, California",884788,642077,47668,11936,40615,3142,106937,32413,8614,23799
"Kings County, California",149785,99706,10028,2083,5238,472,25665,6593,1629,4964
"Lake County, California",64116,49293,914,2815,343,0,8582,2169,201,1968
"Los Angeles County, California",10137915,5093898,826516,65370,1474575,26104,2258451,393001,106298,286703
"Madera County, California",154697,109705,4535,3262,2748,312,28121,6014,1343,4671
"Marin County, California",260651,200426,6114,274,13886,397,25607,13947,2192,11755
"Mendocino County, California",87628,71202,412,3169,1125,231,5887,5602,530,5072
"Merced County, California",268672,149377,8492,2522,21156,32,77857,9236,4854,4382
"Monterey County, California",435232,242774,11055,1903,24852,1086,135093,18469,3084,15385
"Napa County, California",142166,110943,2718,1160,11301,269,10439,5336,1282,4054
"Nevada County, California",99107,91701,197,490,1742,0,1414,3563,210,3353
"Orange County, California",3172532,1986194,53602,13443,637622,10791,352857,118023,20645,97378
"Placer County, California",380531,309901,5796,2292,26369,392,15303,20478,1794,18684
"Riverside County, California",2387741,1406044,152433,20442,149105,7583,544724,107410,27678,79732
"Sacramento County, California",1514460,882763,148706,10265,230645,16214,117768,108099,15261,92838
"San Bernardino County, California",2140096,1314742,182864,15077,152270,6381,364338,104424,29165,75259
"San Diego County, California",3317749,2385470,165878,24980,389369,14356,169165,168531,27220,141311
"San Francisco County, California",870887,404410,43468,3054,300409,1967,70599,46980,7632,39348
"San Joaquin County, California",733709,417952,52126,5428,111547,4697,74430,67529,9556,57973
"San Luis Obispo County, California",282887,238692,5167,2262,10989,28,16126,9623,2051,7572
"San Mateo County, California",764797,388724,17413,3102,214801,10756,85183,44818,10977,33841
"Santa Barbara County, California",446170,341741,8202,4863,24802,94,46374,20094,3756,16338
"Santa Clara County, California",1919402,844820,47142,8787,683532,8602,227352,99167,21611,77556
"Santa Cruz County, California",274673,203973,2908,1797,13692,43,40674,11586,2402,9184
"Shasta County, California",179631,158293,1791,2942,6016,77,1522,8990,372,8618
"Solano County, California",440207,219084,64438,1568,66560,3713,46315,38529,6189,32340
"Sonoma County, California",503070,371195,8632,4397,21487,1542,71200,24617,3407,21210
"Stanislaus County, California",541560,395715,17096,3427,30615,3166,68689,22852,5612,17240
"Sutter County, California",96651,69300,1672,653,14849,501,3331,6345,408,5937
"Tulare County, California",460437,340284,6167,6233,20506,908,72610,13729,4245,9484
"Ventura County, California",849738,681115,14929,5746,60772,1787,45523,39866,6241,33625
"Yolo County, California",215802,151935,5476,1835,30155,836,11635,13930,1523,12407
"Yuba County, California",75275,56042,2331,1046,3656,1376,3971,6853,190,6663
"Adams County, Colorado",498187,402970,15865,7677,19783,425,32370,19097,4046,15051
"Arapahoe County, Colorado",637068,452406,69336,3623,38563,1618,47841,23681,4303,19378
"Boulder County, Colorado",322226,288623,3453,927,15560,209,5652,7802,993,6809
"Broomfield County, Colorado",66529,57480,727,316,3943,0,1812,2251,229,2022
"Denver County, Colorado",693060,522284,68262,5462,25721,410,47322,23599,4456,19143
"Douglas County, Colorado",328632,294600,4667,1294,15524,205,3739,8603,1200,7403
"El Paso County, Colorado",688284,552441,43539,3588,18301,3009,25506,41900,7344,34556
"Jefferson County, Colorado",571837,519734,7314,3596,17174,273,9742,14004,2859,11145
"Larimer County, Colorado",339993,307362,3351,2714,7489,516,6735,11826,2062,9764
"Mesa County, Colorado",150083,140112,465,1384,1263,467,2111,4281,700,3581
"Pueblo County, Colorado",165123,133330,4192,8264,1310,127,13092,4808,1054,3754
"Weld County, Colorado",294932,271892,3435,970,4523,0,6937,7175,1606,5569
"Fairfield County, Connecticut",944177,696692,110693,2811,50381,695,52428,30477,8849,21628
"Hartford County, Connecticut",892389,636425,120762,2763,45365,82,57288,29704,7155,22549
"Litchfield County, Connecticut",182571,170796,3345,196,4476,0,1734,2024,91,1933
"Middlesex County, Connecticut",163329,145795,8763,5,4893,0,791,3082,433,2649
"New Haven County, Connecticut",856875,635115,110901,1827,35579,423,45612,27418,4234,23184
"New London County, Connecticut",269801,218961,15524,1730,12084,59,9528,11915,1413,10502
"Tolland County, Connecticut",151118,134939,5338,0,7366,0,1364,2111,248,1863
"Windham County, Connecticut",116192,103169,3606,555,1806,0,2263,4793,614,4179
"Kent County, Delaware",174827,115964,43984,961,3125,9,2543,8241,530,7711
"New Castle County, Delaware",556987,361605,138491,1877,29993,981,10592,13448,907,12541
"Sussex County, Delaware",220251,181522,27436,1217,2528,1063,2460,4025,678,3347
"District of Columbia, District of Columbia",681170,277268,320554,2004,26436,41,37132,17735,2127,15608
"Alachua County, Florida",263496,182119,52833,1166,16798,524,2594,7462,1142,6320
"Bay County, Florida",183974,151108,20489,317,5077,34,1066,5883,317,5566
"Brevard County, Florida",579130,478586,57238,1254,14164,170,10763,16955,1275,15680
"Broward County, Florida",1909632,1163610,545324,5993,69401,1726,63148,60430,11417,49013
"Charlotte County, Florida",178465,160324,11548,124,1660,514,1328,2967,459,2508
"Citrus County, Florida",143621,133360,5412,261,2496,0,1051,1041,213,828
"Clay County, Florida",208311,166888,21159,51,5746,397,4650,9420,400,9020
"Collier County, Florida",365136,321423,26142,987,4794,0,7911,3879,964,2915
"Columbia County, Florida",69299,52890,13565,101,539,64,1315,825,0,825
"Duval County, Florida",926255,560080,271278,2013,39936,453,16293,36202,2866,33336
"Escambia County, Florida",315187,216766,70316,1608,9687,96,3712,13002,752,12250
"Flagler County, Florida",108310,90171,11765,0,2830,0,2203,1341,185,1156
"Hernando County, Florida",182835,162269,9823,210,2262,0,2822,5449,665,4784
"Highlands County, Florida",100917,78733,10396,74,1361,0,8941,1412,0,1412
"Hillsborough County, Florida",1376238,971753,228361,4763,54822,1279,68366,46894,5705,41189
"Indian River County, Florida",151563,129043,11560,459,1978,0,3617,4906,0,4906
"Lake County, Florida",335396,283513,35729,1217,6718,27,1418,6774,480,6294
"Lee County, Florida",722336,615028,60475,1457,11131,129,20665,13451,2934,10517
"Leon County, Florida",287822,177676,88212,521,10203,256,2971,7983,365,7618
"Manatee County, Florida",375888,320089,33480,1015,7143,206,7070,6885,1959,4926
"Marion County, Florida",349020,286955,44143,194,4308,122,1951,11347,2437,8910
"Martin County, Florida",158701,139122,9164,965,1252,179,5813,2206,343,1863
"Miami-Dade County, Florida",2712945,2019915,476506,4683,43745,1265,124482,42349,13703,28646
"Monroe County, Florida",79077,70409,6581,117,1156,0,518,296,23,273
"Okaloosa County, Florida",201170,155446,20398,590,5770,327,8785,9854,245,9609
"Orange County, Florida",1314367,851713,276302,1697,70844,50,67741,46020,13450,32570
"Osceola County, Florida",336015,248442,40387,739,9588,142,23289,13428,4240,9188
"Palm Beach County, Florida",1443810,1079513,266755,1811,38391,536,26821,29983,5262,24721
"Pasco County, Florida",512368,452055,28037,1337,12829,190,6111,11809,1657,10152
"Pinellas County, Florida",960730,784811,97341,3117,33027,820,15140,26474,2765,23709
"Polk County, Florida",666149,525140,100793,1818,12565,306,9710,15817,2906,12911
"St. Johns County, Florida",235087,208208,12331,854,6363,695,1850,4786,594,4192
"St. Lucie County, Florida",306507,227646,59949,1345,6005,0,5409,6153,1479,4674
"Santa Rosa County, Florida",170497,146607,10669,1460,3459,506,772,7024,68,6956
"Sarasota County, Florida",412569,375600,17710,1005,6544,22,4215,7473,509,6964
"Seminole County, Florida",455479,354325,51494,449,19098,343,13835,15935,2083,13852
"Sumter County, Florida",123996,110567,8261,26,558,238,1268,3078,632,2446
"Volusia County, Florida",529364,441448,55747,2528,9730,64,7275,12572,1129,11443
"Walton County, Florida",65889,57530,3771,216,631,0,1955,1786,120,1666
"Barrow County, Georgia",77126,60355,8123,337,2902,0,3247,2162,595,1567
"Bartow County, Georgia",103807,87069,10634,438,890,0,2691,2085,1038,1047
"Bibb County, Georgia",152760,61273,82574,98,3089,0,1592,4134,247,3887
"Bulloch County, Georgia",74722,48483,21840,0,852,0,1553,1994,226,1768
"Carroll County, Georgia",116261,87176,21088,121,1122,384,3996,2374,222,2152
"Chatham County, Georgia",289082,151815,114139,650,6369,558,4208,11343,1183,10160
"Cherokee County, Georgia",241689,207452,16701,1120,5002,0,6793,4621,390,4231
"Clarke County, Georgia",124707,78919,34893,181,5209,33,3137,2335,168,2167
"Clayton County, Georgia",279462,43114,190956,926,14614,0,21285,8567,910,7657
"Cobb County, Georgia",748150,439448,202244,3133,39953,676,36792,25904,4019,21885
"Columbia County, Georgia",147450,108438,24938,932,6402,0,1413,5327,152,5175
"Coweta County, Georgia",140526,106080,25153,88,1696,97,3424,3988,93,3895
"DeKalb County, Georgia",740321,259015,403352,5253,45634,101,9586,17380,4487,12893
"Dougherty County, Georgia",90017,24254,62375,258,799,50,666,1615,26,1589
"Douglas County, Georgia",142224,67268,67469,73,2242,0,2812,2360,445,1915
"Fayette County, Georgia",111627,76827,23905,217,4945,0,2120,3613,697,2916
"Floyd County, Georgia",96560,74482,13603,14,1623,0,4690,2148,146,2002
"Forsyth County, Georgia",221009,179397,7490,387,25847,0,3346,4542,533,4009
"Fulton County, Georgia",1023336,455532,447187,9001,68259,879,11948,30530,3670,26860
"Glynn County, Georgia",84502,58096,21354,317,1114,211,1095,2315,316,1999
"Gwinnett County, Georgia",907135,438099,248723,1346,103900,82,88207,26778,6261,20517
"Hall County, Georgia",196637,168678,14687,412,3451,99,4766,4544,877,3667
"Henry County, Georgia",221768,110602,94657,0,7935,0,2709,5865,960,4905
"Houston County, Georgia",152122,93711,45011,622,4623,0,1763,6392,1502,4890
"Liberty County, Georgia",62570,29415,25722,295,940,12,1916,4270,912,3358
"Lowndes County, Georgia",114628,67078,44310,256,418,113,878,1575,298,1277
"Muscogee County, Georgia",197485,86603,90127,1159,4160,0,4517,10919,3340,7579
"Paulding County, Georgia",155825,115718,34362,301,533,401,1798,2712,339,2373
"Richmond County, Georgia",201647,76547,114495,584,4084,848,2376,2713,195,2518
"Rockdale County, Georgia",89355,36218,48429,0,1798,0,1944,966,115,851
"Troup County, Georgia",70005,41740,25277,45,1423,0,156,1364,502,862
"Walton County, Georgia",90184,69810,16332,0,1369,112,1962,599,7,592
"Whitfield County, Georgia",104589,90028,4714,1954,1281,0,5304,1308,172,1136
"Hawaii County, Hawaii",198449,64714,1586,293,47415,26900,2422,55119,791,54328
"Honolulu County, Hawaii",992605,209223,23269,1636,421281,93165,8029,236002,7054,228948
"Kauai County, Hawaii",72029,23326,621,563,24200,5678,183,17458,223,17235
"Maui County, Hawaii",165379,60712,422,157,50531,18797,1687,33073,1103,31970
"Ada County, Idaho",444028,402851,6535,2026,11778,377,6847,13614,1793,11821
"Bannock County, Idaho",84377,74610,280,3335,1480,0,2279,2393,258,2135
"Bonneville County, Idaho",112232,99184,0,843,1521,0,7841,2843,452,2391
"Canyon County, Idaho",211698,171868,48,2689,2978,835,27575,5705,1372,4333
"Kootenai County, Idaho",154311,143862,1029,2970,1352,167,1836,3095,213,2882
"Twin Falls County, Idaho",83514,77172,677,1065,1389,76,2184,951,167,784
"Champaign County, Illinois",208419,151060,27686,331,21908,62,1244,6128,318,5810
"Cook County, Illinois",5203499,2919459,1223763,14508,371491,1939,537416,134923,37394,97529
"DeKalb County, Illinois",104528,86721,7396,117,2439,0,4515,3340,303,3037
"DuPage County, Illinois",929368,714083,45918,1060,107270,481,35093,25463,5955,19508
"Kane County, Illinois",531715,374272,29929,2405,21320,33,91408,12348,4764,7584
"Kankakee County, Illinois",110008,86918,17306,394,1023,0,2799,1568,614,954
"Kendall County, Illinois",124695,100133,8271,350,3882,0,7740,4319,2376,1943
"Lake County, Illinois",703047,530524,46836,1206,52572,310,52919,18680,3727,14953
"LaSalle County, Illinois",110642,104660,3061,102,647,101,494,1577,73,1504
"McHenry County, Illinois",307004,284322,3937,253,8478,0,3878,6136,69,6067
"McLean County, Illinois",172418,142803,14364,380,8635,0,1723,4513,1097,3416
"Macon County, Illinois",106550,83242,13359,262,1089,13,529,8056,149,7907
"Madison County, Illinois",265759,233639,23424,299,3169,0,1132,4096,87,4009
"Peoria County, Illinois",185006,135178,33901,618,7607,0,2033,5669,595,5074
"Rock Island County, Illinois",144784,116660,13890,778,3486,283,2819,6868,2429,4439
"St. Clair County, Illinois",262759,168589,77768,712,4473,78,4008,7131,437,6694
"Sangamon County, Illinois",197499,162397,25993,143,3568,124,719,4555,237,4318
"Tazewell County, Illinois",134385,128580,1854,311,1408,103,301,1828,385,1443
"Vermilion County, Illinois",78111,63731,10778,13,860,16,1285,1428,31,1397
"Will County, Illinois",689529,505732,76425,2016,38308,515,47269,19264,2789,16475
"Winnebago County, Illinois",285873,226518,35905,217,7285,140,5520,10288,693,9595
"Allen County, Indiana",370404,296773,42515,461,14669,102,4098,11786,776,11010
"Bartholomew County, Indiana",81402,68773,1234,38,5864,0,3791,1702,429,1273
"Clark County, Indiana",116031,102109,6608,79,457,0,1181,5597,0,5597
"Delaware County, Indiana",115603,101294,8952,226,1473,340,979,2339,234,2105
"Elkhart County, Indiana",203781,180922,11251,1040,2149,360,3346,4713,433,4280
"Floyd County, Indiana",76990,69860,3954,183,800,0,252,1941,161,1780
"Grant County, Indiana",66937,58979,4960,240,261,0,645,1852,166,1686
"Hamilton County, Indiana",316373,276282,11797,322,17484,0,2438,8050,479,7571
"Hendricks County, Indiana",160610,139891,13279,429,4479,0,809,1723,246,1477
"Howard County, Indiana",82568,72022,7651,308,271,77,1098,1141,60,1081
"Johnson County, Indiana",151982,138849,3880,416,5233,41,2338,1225,767,458
"Kosciusko County, Indiana",79092,75552,958,465,407,0,670,1040,0,1040
"Lake County, Indiana",485846,299056,117223,1531,6144,95,48308,13489,5023,8466
"LaPorte County, Indiana",110015,91255,11928,610,889,63,2249,3021,781,2240
"Madison County, Indiana",129296,113364,9062,431,554,0,1179,4706,459,4247
"Marion County, Indiana",941229,577828,260219,2924,27885,295,39113,32965,3740,29225
"Monroe County, Indiana",145496,125427,4068,310,9461,0,848,5382,178,5204
"Porter County, Indiana",167791,153318,5280,224,2055,129,1705,5080,840,4240
"St. Joseph County, Indiana",269141,209203,35405,1880,6408,190,9023,7032,389,6643
"Tippecanoe County, Indiana",188059,152857,9666,268,15385,200,6020,3663,482,3181
"Vanderburgh County, Indiana",181721,155227,15804,310,1990,1210,1808,5372,248,5124
"Vigo County, Indiana",107931,94021,6808,427,2044,47,686,3898,327,3571
"Wayne County, Indiana",66568,59648,3125,24,718,0,1135,1918,0,1918
"Black Hawk County, Iowa",132904,113334,12012,802,3374,719,854,1809,49,1760
"Dallas County, Iowa",84516,76654,1003,102,3579,0,637,2541,87,2454
"Dubuque County, Iowa",97003,90491,3496,74,1198,302,304,1138,68,1070
"Johnson County, Iowa",146547,119612,10314,0,10102,0,3928,2591,287,2304
"Linn County, Iowa",221661,198263,12247,239,5323,132,529,4928,157,4771
"Polk County, Iowa",474045,396575,31968,1315,22224,150,8740,13073,864,12209
"Pottawattamie County, Iowa",93582,88124,1824,630,821,0,1344,839,0,839
"Scott County, Iowa",172474,147577,14802,554,4441,0,2285,2815,532,2283
"Story County, Iowa",97090,84190,1423,178,8417,0,340,2542,46,2496
"Woodbury County, Iowa",102779,87253,3720,723,3154,749,3083,4097,466,3631
"Butler County, Kansas",67025,62612,1679,704,269,80,69,1612,124,1488
"Douglas County, Kansas",119440,97894,4866,1800,6249,26,2960,5645,321,5324
"Johnson County, Kansas",584451,505785,25393,1260,27644,332,5627,18410,995,17415
"Leavenworth County, Kansas",80204,64838,7435,463,1697,295,3120,2356,717,1639
"Riley County, Kansas",73343,60227,4370,182,3820,264,998,3482,434,3048
"Sedgwick County, Kansas",511995,400297,42474,4630,21236,0,18824,24534,2027,22507
"Shawnee County, Kansas",178146,143411,14949,1773,2374,127,9288,6224,590,5634
"Wyandotte County, Kansas",163831,96425,37308,1335,6063,0,15480,7220,1063,6157
"Boone County, Kentucky",128536,117023,2966,426,3410,0,1366,3345,0,3345
"Campbell County, Kentucky",92211,86613,3601,94,587,0,245,1071,0,1071
"Christian County, Kentucky",72351,51567,16784,251,420,433,1227,1669,0,1669
"Daviess County, Kentucky",99674,91073,5107,8,1614,0,202,1670,0,1670
"Fayette County, Kentucky",318449,238917,46097,1080,11699,201,10307,10148,1433,8715
"Hardin County, Kentucky",107316,84280,13475,175,1851,275,2024,5236,54,5182
"Jefferson County, Kentucky",765352,551075,165658,1477,21038,409,5410,20285,1653,18632
"Kenton County, Kentucky",164945,149375,7334,241,1922,0,1667,4406,224,4182
"Madison County, Kentucky",89547,81935,4485,153,1039,0,455,1480,136,1344
"Oldham County, Kentucky",65560,60007,1848,361,834,0,523,1987,49,1938
"Warren County, Kentucky",125532,103029,11775,642,4718,0,2655,2713,694,2019
"Bossier Parish, Louisiana",126057,91878,28446,275,1906,220,773,2559,279,2280
"Caddo Parish, Louisiana",248851,114096,123912,552,3212,0,3470,3609,257,3352
"Calcasieu Parish, Louisiana",200601,140157,50582,747,2284,0,2541,4290,315,3975
"East Baton Rouge Parish, Louisiana",447037,210180,205707,419,14660,0,8592,7479,270,7209
"Iberia Parish, Louisiana",73273,43772,23324,269,1862,0,2073,1973,173,1800
"Jefferson Parish, Louisiana",436523,271283,117081,1899,18643,0,18732,8885,2337,6548
"Lafayette Parish, Louisiana",241398,168941,61221,401,4038,0,1594,5203,122,5081
"Lafourche Parish, Louisiana",98305,77516,13471,2473,504,73,2617,1651,70,1581
"Orleans Parish, Louisiana",391495,133434,233836,434,11721,97,4750,7223,364,6859
"Ouachita Parish, Louisiana",156983,94141,58969,203,1613,0,439,1618,255,1363
"Rapides Parish, Louisiana",132424,84072,42337,701,2230,0,419,2665,143,2522
"St. Tammany Parish, Louisiana",253602,210347,27933,1660,3793,274,3516,6079,374,5705
"Tangipahoa Parish, Louisiana",130710,87647,37463,481,730,0,577,3812,153,3659
"Terrebonne Parish, Louisiana",113220,79883,22901,6376,571,0,1450,2039,50,1989
"Androscoggin County, Maine",107319,98905,3453,204,1165,0,44,3548,0,3548
"Aroostook County, Maine",67959,64534,904,850,292,13,84,1282,0,1282
"Cumberland County, Maine",292041,268659,8502,996,6084,0,661,7139,300,6839
"Kennebec County, Maine",120569,115205,1336,607,1313,183,218,1707,154,1553
"Penobscot County, Maine",151806,143639,811,1940,1404,0,338,3674,53,3621
"York County, Maine",202343,193838,2494,68,4274,0,146,1523,0,1523
"Allegany County, Maryland",72130,63802,6374,150,619,27,64,1094,120,974
"Anne Arundel County, Maryland",568346,416095,91607,1034,20626,53,13384,25547,2123,23424
"Baltimore County, Maryland",831026,512637,238123,2431,49490,579,6408,21358,2102,19256
"Calvert County, Maryland",91251,73623,11839,0,1709,0,1064,3016,283,2733
"Carroll County, Maryland",167656,153931,5631,407,3078,104,555,3950,1345,2605
"Cecil County, Maryland",102603,89580,7411,0,1512,34,1789,2277,51,2226
"Charles County, Maryland",157705,71927,71324,246,4466,0,1100,8642,190,8452
"Frederick County, Maryland",247591,200808,25712,1172,11679,58,2201,5961,728,5233
"Harford County, Maryland",251032,198064,33432,476,5848,78,2935,10199,1390,8809
"Howard County, Maryland",317233,186168,58167,405,57006,56,2907,12524,698,11826
"Montgomery County, Maryland",1043863,574964,191046,2053,154518,239,77581,43462,6244,37218
"Prince George's County, Maryland",908049,159377,571454,3802,38290,287,106267,28572,4433,24139
"Washington County, Maryland",150292,126158,16125,228,2009,253,313,5206,241,4965
"Wicomico County, Maryland",102577,69068,26015,30,3530,108,933,2893,146,2747
"Baltimore city, Maryland",614664,189260,384465,1800,15149,604,9016,14370,976,13394
"Barnstable County, Massachusetts",214276,196365,5175,914,2951,1034,2794,5043,1318,3725
"Berkshire County, Massachusetts",126903,116668,3428,260,2049,67,1200,3231,419,2812
"Bristol County, Massachusetts",558324,469087,23337,105,13414,305,38545,13531,3723,9808
"Essex County, Massachusetts",779018,635443,30824,1362,26984,366,63750,20289,2610,17679
"Franklin County, Massachusetts",70382,65664,692,262,710,293,583,2178,220,1958
"Hampden County, Massachusetts",468467,388013,40874,1009,10440,0,14956,13175,2762,10413
"Hampshire County, Massachusetts",161816,143231,3958,72,7242,265,1101,5947,1150,4797
"Middlesex County, Massachusetts",1589774,1220690,86605,2454,187448,517,52376,39684,5242,34442
"Norfolk County, Massachusetts",697181,546568,45901,843,74523,215,12800,16331,1211,15120
"Plymouth County, Massachusetts",513565,430007,45757,688,6215,152,20248,10498,2186,8312
"Suffolk County, Massachusetts",784230,432065,179093,2715,68847,252,42262,58996,4458,54538
"Worcester County, Massachusetts",819589,683124,39855,1532,39751,292,33956,21079,4594,16485
"Allegan County, Michigan",115548,108703,1445,307,417,0,1013,3663,872,2791
"Bay County, Michigan",104747,99068,2410,241,309,0,630,2089,144,1945
"Berrien County, Michigan",154010,120388,22043,413,2977,16,2443,5730,945,4785
"Calhoun County, Michigan",134386,110181,14071,539,2622,0,848,6125,84,6041
"Clinton County, Michigan",77888,73219,1298,204,1540,0,119,1508,68,1440
"Eaton County, Michigan",109160,95114,6008,572,2049,178,1071,4168,351,3817
"Genesee County, Michigan",408615,304971,81377,1737,4111,305,2400,13714,680,13034
"Grand Traverse County, Michigan",92084,87400,903,888,488,98,333,1974,81,1893
"Ingham County, Michigan",288051,213921,33628,993,19021,187,5347,14954,1537,13417
"Isabella County, Michigan",71282,62681,1517,1337,1392,0,424,3931,82,3849
"Jackson County, Michigan",158460,138283,13482,676,1260,116,810,3833,321,3512
"Kalamazoo County, Michigan",261654,212319,28131,373,6828,0,2359,11644,604,11040
"Kent County, Michigan",642173,514715,59715,1930,18849,67,21076,25821,2728,23093
"Lapeer County, Michigan",88340,84352,1009,203,509,56,522,1689,386,1303
"Lenawee County, Michigan",98504,91291,2998,702,256,0,663,2594,678,1916
"Livingston County, Michigan",188624,182458,1273,291,1730,79,267,2526,78,2448
"Macomb County, Michigan",867730,706518,100689,1762,32772,50,4781,21158,779,20379
"Marquette County, Michigan",66435,61683,808,207,649,15,283,2790,144,2646
"Midland County, Michigan",83462,77534,1235,228,1738,0,403,2324,572,1752
"Monroe County, Michigan",149208,140808,4242,804,952,0,514,1888,94,1794
"Muskegon County, Michigan",173408,139261,24450,1249,1128,0,1092,6228,560,5668
"Oakland County, Michigan",1243970,934642,167411,3016,87646,232,11061,39962,1918,38044
"Ottawa County, Michigan",282250,255093,3439,628,6244,165,7174,9507,1277,8230
"Saginaw County, Michigan",192326,144965,35768,493,2503,61,2800,5736,880,4856
"St. Clair County, Michigan",159587,148831,3835,358,1223,0,1247,4093,385,3708
"Shiawassee County, Michigan",68554,66372,396,112,205,0,169,1300,53,1247
"Van Buren County, Michigan",75223,64948,2312,1240,425,146,2211,3941,1357,2584
"Washtenaw County, Michigan",364709,269158,43375,1789,31232,179,2218,16758,656,16102
"Wayne County, Michigan",1749366,924131,680630,5458,54230,420,36368,48129,5666,42463
"Anoka County, Minnesota",345957,291760,19779,2480,15529,195,5151,11063,908,10155
"Blue Earth County, Minnesota",66441,60737,2291,319,1325,0,133,1636,92,1544
"Carver County, Minnesota",100262,91908,2258,300,3231,0,1115,1450,326,1124
"Dakota County, Minnesota",417486,345463,24024,1195,20140,102,12277,14285,1676,12609
"Hennepin County, Minnesota",1232483,893871,158741,9923,85906,483,40359,43200,3356,39844
"Olmsted County, Minnesota",153102,129033,9005,900,8964,0,2226,2974,282,2692
"Ramsey County, Minnesota",540649,358606,59737,3089,76470,209,15811,26727,1963,24764
"Rice County, Minnesota",65622,56157,3451,86,1404,0,2872,1652,236,1416
"St. Louis County, Minnesota",199980,184278,3353,4859,2228,45,938,4279,148,4131
"Scott County, Minnesota",143680,119736,4743,681,8060,0,5193,5267,180,5087
"Sherburne County, Minnesota",93528,86674,2417,272,791,0,1213,2161,18,2143
"Stearns County, Minnesota",155652,138022,8669,222,3701,0,2483,2555,500,2055
"Washington County, Minnesota",253117,216807,11366,1002,12637,66,3014,8225,1892,6333
"Wright County, Minnesota",132550,125122,1928,581,1973,0,1060,1886,400,1486
"DeSoto County, Mississippi",175611,119958,46205,416,2663,0,3501,2868,383,2485
"Harrison County, Mississippi",203234,139366,49451,1225,5702,0,1604,5886,678,5208
"Hinds County, Mississippi",241229,61461,174862,205,1885,284,1403,1129,0,1129
"Jackson County, Mississippi",141241,98840,31706,506,3863,0,4189,2137,248,1889
"Lee County, Mississippi",85381,57782,24789,65,811,33,377,1524,134,1390
"Madison County, Mississippi",105114,59310,39502,444,2725,0,2126,1007,0,1007
"Rankin County, Mississippi",150228,114301,31766,127,1518,0,1551,965,0,965
"Boone County, Missouri",176594,142618,16256,811,9021,23,2821,5044,191,4853
"Buchanan County, Missouri",88938,77933,4572,372,1054,0,1607,3400,288,3112
"Cape Girardeau County, Missouri",78913,69069,5525,385,1365,28,342,2199,0,2199
"Cass County, Missouri",102845,93928,3018,129,802,0,917,4051,359,3692
"Clay County, Missouri",239085,204294,15923,534,6193,1184,4577,6380,754,5626
"Cole County, Missouri",76631,64560,8477,290,1107,39,254,1904,58,1846
"Franklin County, Missouri",102838,98926,861,71,625,332,583,1440,110,1330
"Greene County, Missouri",288690,258094,10029,2188,5704,110,4975,7590,783,6807
"Jackson County, Missouri",691801,463423,161932,3089,12585,2433,25949,22390,1513,20877
"Jasper County, Missouri",119111,107566,2615,2263,1634,139,2123,2771,330,2441
"Jefferson County, Missouri",224226,215622,2229,580,1882,0,365,3548,653,2895
"Platte County, Missouri",98309,84433,6635,314,2838,73,998,3018,392,2626
"St. Charles County, Missouri",390918,352403,17540,500,9844,0,1809,8822,112,8710
"St. Louis County, Missouri",998581,684030,238612,1834,39819,271,8883,25132,926,24206
"St. Louis city, Missouri",311404,144752,145886,762,10264,88,3317,6335,161,6174
"Cascade County, Montana",81755,72572,992,3673,738,142,325,3313,0,3313
"Flathead County, Montana",98082,92689,282,848,340,163,679,3081,133,2948
"Gallatin County, Montana",104502,99275,374,1169,1460,0,0,2224,29,2195
"Lewis and Clark County, Montana",67282,62897,281,1101,572,0,422,2009,0,2009
"Missoula County, Montana",116130,106680,715,3019,1855,0,237,3624,547,3077
"Yellowstone County, Montana",158437,144305,829,6176,959,0,786,5382,390,4992
"Douglas County, Nebraska",554995,444192,61497,1527,19640,390,11142,16607,1082,15525
"Lancaster County, Nebraska",309637,267852,12445,1952,12252,3,4680,10453,905,9548
"Sarpy County, Nebraska",179023,158913,6658,595,4776,168,2121,5792,94,5698
"Clark County, Nevada",2155664,1330054,247427,13583,211925,17783,223704,111188,18867,92321
"Washoe County, Nevada",453616,355315,10627,6826,25562,2436,32942,19908,2801,17107
"Cheshire County, New Hampshire",75774,72373,520,148,1122,0,197,1414,271,1143
"Grafton County, New Hampshire",88888,82304,977,143,3505,34,293,1632,44,1588
"Hillsborough County, New Hampshire",407761,367574,9702,467,14874,32,5283,9829,775,9054
"Merrimack County, New Hampshire",148582,140747,836,354,2563,0,209,3873,197,3676
"Rockingham County, New Hampshire",303251,288104,2089,57,5846,0,1712,5443,522,4921
"Strafford County, New Hampshire",127428,118919,1196,50,4107,0,175,2981,578,2403
"Atlantic County, New Jersey",270991,176909,41557,824,22599,60,20986,8056,3178,4878
"Bergen County, New Jersey",939151,678573,56391,1748,153276,804,20616,27743,4733,23010
"Burlington County, New Jersey",449284,323113,74530,378,23697,123,10123,17320,2367,14953
"Camden County, New Jersey",510150,324529,96342,1032,29696,0,44228,14323,1950,12373
"Cape May County, New Jersey",94430,86834,3321,63,806,127,648,2631,38,2593
"Cumberland County, New Jersey",153797,103640,28739,1960,2258,0,10350,6850,1876,4974
"Essex County, New Jersey",796914,355482,317198,1518,42298,0,58747,21671,4090,17581
"Gloucester County, New Jersey",292330,237650,29805,215,8955,0,6186,9519,3066,6453
"Hudson County, New Jersey",677983,367911,81508,2484,102554,752,96113,26661,11030,15631
"Hunterdon County, New Jersey",124676,113236,3498,19,4757,73,1238,1855,791,1064
"Mercer County, New Jersey",371023,238907,78453,493,40864,597,4213,7496,933,6563
"Middlesex County, New Jersey",837073,490322,83900,2096,203045,297,35789,21624,7529,14095
"Monmouth County, New Jersey",625846,514689,45430,966,35774,30,18484,10473,1843,8630
"Morris County, New Jersey",498423,402032,15796,139,53056,0,17716,9684,1638,8046
"Ocean County, New Jersey",592497,536665,17336,400,11908,664,17161,8363,1162,7201
"Passaic County, New Jersey",507945,333685,57390,1643,26481,180,74754,13812,3444,10368
"Salem County, New Jersey",63436,50303,8147,162,774,0,1966,2084,246,1838
"Somerset County, New Jersey",333751,224326,32448,1718,57437,47,10493,7282,1659,5623
"Sussex County, New Jersey",142522,132461,2904,0,3229,0,1717,2211,96,2115
"Union County, New Jersey",555630,304604,114911,2210,27892,0,89983,16030,5446,10584
"Warren County, New Jersey",106617,95037,4981,117,2825,0,2019,1638,161,1477
"Bernalillo County, New Mexico",676953,479588,18679,34521,18595,498,101451,23621,9664,13957
"Chaves County, New Mexico",65282,59253,1717,1481,67,22,2013,729,650,79
"DoÒa Ana County, New Mexico",214207,194538,3599,2578,2341,69,8652,2430,628,1802
"Lea County, New Mexico",69749,62201,2172,452,0,46,3134,1744,265,1479
"McKinley County, New Mexico",74923,10318,161,58562,766,219,3963,934,364,570
"Otero County, New Mexico",65410,50841,2625,4423,969,0,3628,2924,452,2472
"Sandoval County, New Mexico",142025,99399,2980,18026,2100,25,11878,7617,2504,5113
"San Juan County, New Mexico",115079,62316,656,41426,690,74,6795,3122,413,2709
"Santa Fe County, New Mexico",148651,126078,1260,5173,1976,38,9950,4176,2010,2166
"Valencia County, New Mexico",75626,60577,788,2782,340,0,8365,2774,1413,1361
"Albany County, New York",308846,230831,38386,788,21011,0,5538,12292,1706,10586
"Bronx County, New York",1455720,312877,495031,8777,51958,372,528863,57842,23737,34105
"Broome County, New York",195334,166572,12650,13,7006,21,1866,7206,810,6396
"Cattaraugus County, New York",77677,71286,1148,2615,509,0,376,1743,621,1122
"Cayuga County, New York",77861,71746,3240,139,400,0,554,1782,171,1611
"Chautauqua County, New York",129504,120008,3784,326,760,64,2035,2527,493,2034
"Chemung County, New York",86322,75851,4798,171,1588,22,770,3122,110,3012
"Clinton County, New York",81073,73092,3875,114,990,0,1811,1191,117,1074
"Dutchess County, New York",294473,232515,31588,989,10743,422,9189,9027,1490,7537
"Erie County, New York",921046,718970,122691,4730,34132,405,18740,21378,3686,17692
"Jefferson County, New York",114006,98583,5871,1667,1998,41,1425,4421,629,3792
"Kings County, New York",2629150,1124155,861749,8714,315850,1402,237591,79689,13817,65872
"Livingston County, New York",64257,59522,1985,352,699,76,800,823,9,814
"Madison County, New York",71329,67495,1272,203,726,152,200,1281,409,872
"Monroe County, New York",747727,570709,113806,2763,26420,309,12100,21620,3305,18315
"Nassau County, New York",1361500,926594,158561,3420,127934,285,102363,42343,11992,30351
"New York County, New York",1643734,931953,246095,4555,204434,1205,179384,76108,21190,54918
"Niagara County, New York",211758,185171,13450,2246,2082,141,1822,6846,533,6313
"Oneida County, New York",231190,197816,13313,400,9824,53,2474,7310,519,6791
"Onondaga County, New York",466194,370920,52781,1769,17413,81,6250,16980,587,16393
"Ontario County, New York",109828,101231,3180,584,1345,114,1649,1725,330,1395
"Orange County, New York",379210,278706,38853,1877,10686,149,32984,15955,3331,12624
"Oswego County, New York",118987,113860,1795,184,730,75,167,2176,20,2156
"Putnam County, New York",98900,85102,1490,859,2214,56,7046,2133,357,1776
"Queens County, New York",2333054,905860,421307,9509,592922,1240,318657,83559,29285,54274
"Rensselaer County, New York",160070,137956,9755,799,4019,0,1866,5675,265,5410
"Richmond County, New York",476015,352530,48920,251,40747,721,22464,10382,2183,8199
"Rockland County, New York",326780,225848,40350,592,19686,49,33989,6266,1087,5179
"St. Lawrence County, New York",110038,102840,2925,437,1489,11,472,1864,288,1576
"Saratoga County, New York",227053,211505,2719,484,6797,91,907,4550,54,4496
"Schenectady County, New York",154553,119476,14509,258,6739,219,7110,6242,1149,5093
"Steuben County, New York",96940,91500,1835,120,1298,0,524,1663,288,1375
"Suffolk County, New York",1492583,1195796,111177,3361,58726,833,93130,29560,8108,21452
"Sullivan County, New York",74801,60496,5662,52,1227,0,4373,2991,502,2489
"Tompkins County, New York",104871,83423,4698,268,10625,0,1656,4201,223,3978
"Ulster County, New York",179225,152042,10859,151,3969,21,5275,6908,701,6207
"Warren County, New York",64567,62127,690,85,603,82,146,834,0,834
"Wayne County, New York",90798,84497,2458,59,775,0,1092,1917,48,1869
"Westchester County, New York",974542,628687,144510,2745,57962,192,107885,32561,12405,20156
"Alamance County, North Carolina",159688,110933,31088,779,2245,307,11140,3196,478,2718
"Brunswick County, North Carolina",126953,105877,13110,1056,708,0,2814,3388,365,3023
"Buncombe County, North Carolina",256088,226953,15445,959,3542,425,3181,5583,288,5295
"Burke County, North Carolina",88851,74837,5443,537,3447,127,3437,1023,0,1023
"Cabarrus County, North Carolina",201590,141332,34402,511,6212,374,12541,6218,1200,5018
"Caldwell County, North Carolina",81449,72101,3611,550,302,0,3569,1316,218,1098
"Carteret County, North Carolina",68890,61844,3798,285,546,0,320,2097,53,2044
"Catawba County, North Carolina",156459,122004,13875,600,6466,0,10980,2534,84,2450
"Chatham County, North Carolina",72243,59488,8033,0,868,0,1187,2667,122,2545
"Cleveland County, North Carolina",97144,71847,20734,157,1134,0,2499,773,115,658
"Craven County, North Carolina",103445,71552,20612,812,3215,50,3030,4174,0,4174
"Cumberland County, North Carolina",327127,162910,124566,5012,7649,737,7461,18792,1746,17046
"Davidson County, North Carolina",164926,139762,13621,133,2630,0,4359,4421,0,4421
"Durham County, North Carolina",306212,158099,113137,669,15714,267,10281,8045,591,7454
"Forsyth County, North Carolina",371511,245900,97584,1513,8532,21,8879,9082,1324,7758
"Gaston County, North Carolina",216965,167912,34358,1004,3627,0,5169,4895,680,4215
"Guilford County, North Carolina",521330,290962,175229,1975,26138,383,14980,11663,963,10700
"Harnett County, North Carolina",130881,86920,27503,878,916,202,8723,5739,830,4909
"Henderson County, North Carolina",114209,106200,5236,6,1607,0,335,825,0,825
"Iredell County, North Carolina",172916,142713,21633,194,4410,0,1728,2238,371,1867
"Johnston County, North Carolina",191450,149935,31782,729,536,0,3042,5426,543,4883
"Lincoln County, North Carolina",81168,70976,3566,1149,638,106,3239,1494,517,977
"Mecklenburg County, North Carolina",1054835,574931,334621,2740,59544,786,55771,26442,2388,24054
"Moore County, North Carolina",95776,78987,13027,108,1649,80,510,1415,171,1244
"Nash County, North Carolina",94005,50212,37748,434,845,0,3161,1605,193,1412
"New Hanover County, North Carolina",223483,180970,31080,625,2161,0,2255,6392,205,6187
"Onslow County, North Carolina",187136,139353,24311,591,3350,413,3224,15894,2144,13750
"Orange County, North Carolina",141796,106590,14958,677,11270,0,1976,6325,881,5444
"Pitt County, North Carolina",177220,102197,62515,640,2983,64,4316,4505,268,4237
"Randolph County, North Carolina",143416,119977,9771,262,1463,0,9133,2810,443,2367
"Robeson County, North Carolina",133235,38442,32385,52789,958,197,6244,2220,209,2011
"Rockingham County, North Carolina",91393,70668,15921,717,618,51,1117,2301,33,2268
"Rowan County, North Carolina",139933,107453,22460,659,1104,0,5519,2738,212,2526
"Rutherford County, North Carolina",66421,58022,5822,627,744,29,229,948,0,948
"Surry County, North Carolina",72113,65066,2708,153,406,173,2561,1046,0,1046
"Union County, North Carolina",226606,187188,25691,528,5792,0,2272,5135,181,4954
"Wake County, North Carolina",1046791,688226,213306,3815,69541,157,40616,31130,3082,28048
"Wayne County, North Carolina",124150,79743,37003,324,1539,65,1082,4394,44,4350
"Wilkes County, North Carolina",68740,62089,1994,10,1232,104,1906,1405,41,1364
"Wilson County, North Carolina",81661,41449,32474,574,208,0,4874,2082,57,2025
"Burleigh County, North Dakota",94487,85935,2066,4142,714,140,108,1382,140,1242
"Cass County, North Dakota",175249,153678,9281,1478,4496,0,908,5408,357,5051
"Grand Forks County, North Dakota",71083,62439,2825,1780,1802,0,80,2157,106,2051
"Ward County, North Dakota",70210,60834,1578,3000,865,0,1717,2216,0,2216
"Allen County, Ohio",103742,85612,12198,245,917,0,1244,3526,287,3239
"Ashtabula County, Ohio",98231,90797,3902,269,492,42,222,2507,0,2507
"Athens County, Ohio",66186,59847,2143,0,1250,0,407,2539,112,2427
"Butler County, Ohio",377537,322458,30413,536,10086,98,3219,10727,764,9963
"Clark County, Ohio",134786,117082,9921,289,393,53,808,6240,97,6143
"Clermont County, Ohio",203022,193577,3373,0,2833,187,391,2661,35,2626
"Columbiana County, Ohio",103685,97992,2766,201,0,0,1185,1541,194,1347
"Cuyahoga County, Ohio",1249352,780502,367135,2275,35357,389,21144,42550,4011,38539
"Delaware County, Ohio",196463,173006,6944,253,11311,53,738,4158,250,3908
"Erie County, Ohio",75107,64185,6933,61,620,0,779,2529,153,2376
"Fairfield County, Ohio",152597,133473,11068,407,1560,0,1309,4780,201,4579
"Franklin County, Ohio",1264518,855234,280522,2170,62789,747,15363,47693,2146,45547
"Greene County, Ohio",164765,141014,11672,235,4902,0,1707,5235,131,5104
"Hamilton County, Ohio",809099,542878,208972,800,21398,85,11962,23004,648,22356
"Hancock County, Ohio",75872,70208,821,7,1412,0,1358,2066,399,1667
"Lake County, Ohio",228614,208258,9011,388,3153,26,2414,5364,545,4819
"Licking County, Ohio",172198,158253,6542,125,2087,0,926,4265,0,4265
"Lorain County, Ohio",306365,260616,26803,578,2735,174,4160,11299,2356,8943
"Lucas County, Ohio",432488,313144,82833,816,6710,233,10626,18126,3508,14618
"Mahoning County, Ohio",230008,183773,35050,402,2048,0,1527,7208,446,6762
"Medina County, Ohio",177221,168281,2542,524,1651,0,996,3227,92,3135
"Miami County, Ohio",104679,98031,2410,126,1294,0,720,2098,89,2009
"Montgomery County, Ohio",531239,388711,110639,640,11335,374,3071,16469,332,16137
"Portage County, Ohio",161921,147855,6943,174,2837,0,511,3601,39,3562
"Richland County, Ohio",121107,104750,12153,253,821,85,630,2415,247,2168
"Stark County, Ohio",373612,327583,27377,218,3682,0,2474,12278,869,11409
"Summit County, Ohio",540300,427390,77916,503,17116,149,1385,15841,552,15289
"Trumbull County, Ohio",201825,178222,17537,364,860,0,291,4551,154,4397
"Warren County, Ohio",227063,200973,8661,0,12734,0,1886,2809,12,2797
"Wayne County, Ohio",116470,109609,1923,33,1265,0,1789,1851,50,1801
"Wood County, Ohio",130219,119109,3912,510,1938,234,1858,2658,472,2186
"Canadian County, Oklahoma",136532,110859,3031,5720,4298,0,5825,6799,609,6190
"Cleveland County, Oklahoma",278655,218891,12353,11785,12864,142,3154,19466,981,18485
"Comanche County, Oklahoma",122136,76393,22659,6613,2645,225,2850,10751,709,10042
"Creek County, Oklahoma",71312,56935,1349,8304,249,55,282,4138,0,4138
"Muskogee County, Oklahoma",69477,40817,7297,12438,513,103,1728,6581,110,6471
"Oklahoma County, Oklahoma",782970,539756,118634,24989,24246,1011,24272,50062,2661,47401
"Payne County, Oklahoma",81131,65460,3536,4184,3866,0,295,3790,134,3656
"Pottawatomie County, Oklahoma",72290,54566,2607,10306,578,60,368,3805,522,3283
"Rogers County, Oklahoma",91766,68761,871,10913,1044,0,1171,9006,111,8895
"Tulsa County, Oklahoma",642940,445786,63930,32602,21241,279,26455,52647,2707,49940
"Wagoner County, Oklahoma",77679,58594,2716,6890,951,90,908,7530,551,6979
"Benton County, Oregon",89385,77080,984,459,5884,262,1185,3531,0,3531
"Clackamas County, Oregon",408062,357854,4548,3639,16159,626,8713,16523,509,16014
"Deschutes County, Oregon",181307,167962,1089,806,1730,87,3582,6051,639,5412
"Douglas County, Oregon",108457,100124,642,1033,1026,102,618,4912,179,4733
"Jackson County, Oregon",216527,192932,1390,2298,2803,635,8039,8430,547,7883
"Josephine County, Oregon",85904,80113,1441,1593,657,22,249,1829,412,1417
"Klamath County, Oregon",66443,57742,134,3131,702,216,1793,2725,0,2725
"Lane County, Oregon",369519,324944,3663,4162,9597,928,6858,19367,917,18450
"Linn County, Oregon",122849,110734,595,1248,1299,74,4511,4388,128,4260
"Marion County, Oregon",336316,265422,4806,2378,6959,2402,23368,30981,1733,29248
"Multnomah County, Oregon",799766,630308,45410,5658,56252,4647,16182,41309,1837,39472
"Polk County, Oregon",81823,73654,358,1905,1362,369,1402,2773,404,2369
"Umatilla County, Oregon",76456,67399,573,1861,266,141,1998,4218,395,3823
"Washington County, Oregon",582779,439014,10846,2252,58739,2262,33702,35964,6662,29302
"Yamhill County, Oregon",105035,91961,611,1755,1804,367,3317,5220,457,4763
"Adams County, Pennsylvania",102180,94434,1057,65,426,0,3626,2572,212,2360
"Allegheny County, Pennsylvania",1225365,982979,154858,975,43283,443,4933,37894,2346,35548
"Beaver County, Pennsylvania",167429,151718,9238,91,551,194,779,4858,136,4722
"Berks County, Pennsylvania",414812,343554,18603,4478,5504,0,14887,27786,2254,25532
"Blair County, Pennsylvania",124650,119127,2498,17,844,262,354,1548,113,1435
"Bucks County, Pennsylvania",626399,551410,22210,912,30721,0,7193,13953,2115,11838
"Butler County, Pennsylvania",186847,179023,2329,177,2478,0,727,2113,31,2082
"Cambria County, Pennsylvania",134732,126107,3266,13,515,175,527,4129,460,3669
"Centre County, Pennsylvania",161464,142112,5949,115,8766,80,437,4005,1190,2815
"Chester County, Pennsylvania",516312,440376,29721,506,25578,254,6783,13094,2573,10521
"Clearfield County, Pennsylvania",80596,76391,2580,508,390,0,228,499,108,391
"Columbia County, Pennsylvania",66420,62704,1475,64,781,0,787,609,106,503
"Crawford County, Pennsylvania",86257,82613,1507,14,314,51,192,1566,336,1230
"Cumberland County, Pennsylvania",248506,218262,10293,171,10925,0,4149,4706,953,3753
"Dauphin County, Pennsylvania",273707,193791,52861,918,11959,0,7929,6249,190,6059
"Delaware County, Pennsylvania",563402,389846,120082,1165,32804,0,6352,13153,878,12275
"Erie County, Pennsylvania",276207,241733,20144,613,4980,201,1903,6633,487,6146
"Fayette County, Pennsylvania",132733,122730,5313,63,320,56,589,3662,65,3597
"Franklin County, Pennsylvania",153851,142799,6445,469,1733,60,601,1744,200,1544
"Indiana County, Pennsylvania",86364,81885,2255,291,942,62,156,773,69,704
"Lackawanna County, Pennsylvania",211321,193832,5870,214,5204,58,1246,4897,80,4817
"Lancaster County, Pennsylvania",538500,481798,23427,431,10923,53,9219,12649,1402,11247
"Lawrence County, Pennsylvania",87294,81410,4075,45,344,0,139,1281,73,1208
"Lebanon County, Pennsylvania",138863,120894,3650,129,2078,0,9250,2862,1546,1316
"Lehigh County, Pennsylvania",363147,286600,26645,358,11587,0,26967,10990,2337,8653
"Luzerne County, Pennsylvania",316383,285321,13937,452,3756,77,7116,5724,1185,4539
"Lycoming County, Pennsylvania",115248,106461,5208,11,637,17,296,2618,166,2452
"Mercer County, Pennsylvania",112913,103190,6427,71,904,18,165,2138,26,2112
"Monroe County, Pennsylvania",166098,124741,23137,257,3492,191,8899,5381,1209,4172
"Montgomery County, Pennsylvania",821725,654626,73076,1230,60749,295,9751,21998,2402,19596
"Northampton County, Pennsylvania",302294,262942,15889,459,8454,0,4759,9791,1550,8241
"Northumberland County, Pennsylvania",92541,87742,2471,127,432,0,665,1104,186,918
"Philadelphia County, Pennsylvania",1567872,634111,661032,5521,110733,480,104892,51103,10716,40387
"Schuylkill County, Pennsylvania",143573,133893,4370,288,829,0,2261,1932,398,1534
"Somerset County, Pennsylvania",75061,71676,2031,69,380,0,163,742,53,689
"Washington County, Pennsylvania",207981,194397,6242,271,1981,0,1153,3937,21,3916
"Westmoreland County, Pennsylvania",355458,336698,9544,75,3691,34,797,4619,202,4417
"York County, Pennsylvania",443744,391834,25561,943,6918,231,7853,10404,737,9667
"Kent County, Rhode Island",164614,151589,2738,196,3675,128,1900,4388,135,4253
"Newport County, Rhode Island",82784,74333,3077,130,1864,310,1106,1964,318,1646
"Providence County, Rhode Island",633673,460377,58806,4643,26713,572,57811,24751,6326,18425
"Washington County, Rhode Island",126288,117411,2307,293,3352,427,1202,1296,28,1268
"Aiken County, South Carolina",167458,119571,41026,477,1938,125,1057,3264,101,3163
"Anderson County, South Carolina",196569,156660,32543,309,1935,0,1944,3178,52,3126
"Beaufort County, South Carolina",183149,138177,33588,659,2367,106,4005,4247,538,3709
"Berkeley County, South Carolina",210898,141762,51487,644,5728,0,5460,5817,51,5766
"Charleston County, South Carolina",396484,271106,109189,626,6001,0,2356,7206,217,6989
"Dorchester County, South Carolina",153773,103108,37763,1078,2803,0,3173,5848,139,5709
"Florence County, South Carolina",138742,75530,59522,113,1751,0,282,1544,30,1514
"Greenville County, South Carolina",498766,372089,91056,1844,11379,439,11693,10266,1205,9061
"Greenwood County, South Carolina",70133,45687,21328,0,918,0,1265,935,96,839
"Horry County, South Carolina",322342,260680,44012,1727,4425,192,6660,4646,1213,3433
"Lancaster County, South Carolina",89594,64846,20723,0,412,0,3039,574,0,574
"Laurens County, South Carolina",66777,47288,14837,128,981,471,1017,2055,348,1707
"Lexington County, South Carolina",286196,227447,41478,627,4965,111,3819,7749,400,7349
"Oconee County, South Carolina",76355,67461,5645,61,404,0,952,1832,158,1674
"Orangeburg County, South Carolina",87903,29564,55797,606,529,0,23,1384,0,1384
"Pickens County, South Carolina",122863,108555,8542,0,3013,109,841,1803,342,1461
"Richland County, South Carolina",409549,186850,190887,695,10198,545,8467,11907,937,10970
"Spartanburg County, South Carolina",301463,221226,61262,197,6514,30,4830,7404,695,6709
"Sumter County, South Carolina",107396,51345,51510,104,1659,142,400,2236,258,1978
"York County, South Carolina",258526,191332,48293,2027,4854,115,5796,6109,603,5506
"Minnehaha County, South Dakota",187318,161240,9385,3948,4477,67,2887,5314,549,4765
"Pennington County, South Dakota",109372,90775,1426,10308,1444,14,254,5151,712,4439
"Anderson County, Tennessee",75936,69275,3191,0,1208,87,762,1413,0,1413
"Blount County, Tennessee",128670,120416,3897,113,914,81,242,3007,160,2847
"Bradley County, Tennessee",104490,95746,5734,629,243,46,759,1333,0,1333
"Davidson County, Tennessee",684410,442201,187329,1398,25891,605,10795,16191,1099,15092
"Greene County, Tennessee",68615,64883,1404,168,208,0,349,1603,300,1303
"Hamilton County, Tennessee",357738,271063,70591,499,6865,0,924,7796,1073,6723
"Knox County, Tennessee",456132,390124,40267,1780,10650,261,4973,8077,359,7718
"Madison County, Tennessee",97663,58095,37031,53,1017,0,381,1086,115,971
"Maury County, Tennessee",89981,75419,10898,122,70,0,1046,2426,305,2121
"Montgomery County, Tennessee",195734,140854,37819,1383,5439,1446,2057,6736,648,6088
"Putnam County, Tennessee",75931,71824,661,0,1664,0,14,1768,0,1768
"Robertson County, Tennessee",69165,62171,4986,125,429,0,200,1254,0,1254
"Rutherford County, Tennessee",308251,239190,43917,755,10482,0,3974,9933,793,9140
"Sevier County, Tennessee",96673,91955,561,374,500,0,614,2669,59,2610
"Shelby County, Tennessee",934603,360410,499045,2855,22771,165,31109,18248,1624,16624
"Sullivan County, Tennessee",156667,147950,2912,184,664,418,1169,3370,229,3141
"Sumner County, Tennessee",180063,160406,13146,336,2300,60,412,3403,359,3044
"Washington County, Tennessee",127440,116552,5480,813,2028,64,292,2211,0,2211
"Williamson County, Tennessee",219107,194634,9008,251,9027,515,1127,4545,907,3638
"Wilson County, Tennessee",132781,117941,9745,507,2438,0,671,1479,28,1451
"Angelina County, Texas",87791,67968,13621,1342,1007,47,3217,589,70,519
"Bastrop County, Texas",82733,58948,5621,431,1293,0,14508,1932,935,997
"Bell County, Texas",340411,217524,82612,1945,9696,2515,6984,19135,1038,18097
"Bexar County, Texas",1928680,1520769,151997,14260,56054,1282,129637,54681,13391,41290
"Bowie County, Texas",93860,65905,22872,298,1265,314,680,2526,195,2331
"Brazoria County, Texas",354195,264794,45897,3592,23012,13,9487,7400,606,6794
"Brazos County, Texas",220417,167258,22640,1067,14050,107,7067,8228,402,7826
"Cameron County, Texas",422135,401139,2142,341,3497,120,12137,2759,1599,1160
"Collin County, Texas",939585,661559,87766,3583,132486,822,23075,30294,4394,25900
"Comal County, Texas",134788,120507,3101,119,1532,89,7470,1970,318,1652
"Coryell County, Texas",74686,53879,7911,960,1656,558,788,8934,231,8703
"Dallas County, Texas",2574984,1591187,582365,6506,157592,1393,159620,76321,20262,56059
"Denton County, Texas",806180,599270,74199,3992,63864,602,32029,32224,5108,27116
"Ector County, Texas",157462,134245,7643,1069,1809,0,8735,3961,545,3416
"Ellis County, Texas",168499,141134,16525,1104,1390,83,2379,5884,740,5144
"El Paso County, Texas",837918,674348,30034,5360,11107,299,95668,21102,6144,14958
"Fort Bend County, Texas",741237,388931,152115,3077,146796,93,34405,15820,4015,11805
"Galveston County, Texas",329431,258194,43453,2556,11418,87,7317,6406,244,6162
"Grayson County, Texas",128235,111018,5527,1352,1826,16,3119,5377,128,5249
"Gregg County, Texas",123745,92247,25793,534,1883,0,1037,2251,183,2068
"Guadalupe County, Texas",155265,106494,11011,187,3061,1657,28146,4709,819,3890
"Harris County, Texas",4589928,2880994,874306,15178,317740,3839,392701,105170,23519,81651
"Hays County, Texas",204470,184248,8627,315,3314,0,3753,4213,560,3653
"Henderson County, Texas",79901,71904,4775,928,53,223,402,1616,9,1607
"Hidalgo County, Texas",849843,717201,2922,1953,9403,93,105943,12328,9556,2772
"Hunt County, Texas",92073,71701,7680,1185,1488,0,9273,746,49,697
"Jefferson County, Texas",254679,150261,86060,816,10050,198,4262,3032,888,2144
"Johnson County, Texas",163274,149251,5440,1179,1305,751,1997,3351,701,2650
"Kaufman County, Texas",118350,98799,12733,324,1429,0,2852,2213,428,1785
"Liberty County, Texas",81704,69437,8414,403,476,0,2508,466,57,409
"Lubbock County, Texas",303137,248032,21502,3901,5857,1000,15506,7339,2176,5163
"McLennan County, Texas",247934,191192,36482,1100,3858,149,9396,5757,1377,4380
"Midland County, Texas",162565,139118,11490,341,3386,88,4628,3514,1406,2108
"Montgomery County, Texas",556203,480382,30394,3642,15327,358,12616,13484,1354,12130
"Nueces County, Texas",361350,326313,14774,1487,6628,211,5624,6313,2697,3616
"Orange County, Texas",84964,75017,7525,406,1198,0,0,818,41,777
"Parker County, Texas",129441,121518,1965,984,731,72,2346,1825,389,1436
"Potter County, Texas",120832,94819,12161,302,5672,202,2918,4758,670,4088
"Randall County, Texas",132501,118130,3530,998,2313,188,4183,3159,580,2579
"Rockwall County, Texas",93978,80801,5936,54,2560,0,1569,3058,97,2961
"San Patricio County, Texas",67655,63487,1049,257,598,27,845,1392,190,1202
"Smith County, Texas",225290,170784,39062,1092,3832,159,6557,3804,715,3089
"Tarrant County, Texas",2016872,1367728,320375,9482,109096,2648,141326,66217,9397,56820
"Taylor County, Texas",136535,105853,10686,1134,3333,8,11670,3851,1036,2815
"Tom Green County, Texas",118386,105757,5937,506,1289,0,2978,1919,277,1642
"Travis County, Texas",1199323,892987,99449,5241,76749,1443,81863,41591,6673,34918
"Victoria County, Texas",92467,80797,6235,347,1396,164,2674,854,355,499
"Webb County, Texas",271193,258612,1181,358,832,0,8188,2022,394,1628
"Wichita County, Texas",131838,104044,12709,1428,3735,151,3835,5936,1605,4331
"Williamson County, Texas",528718,421797,31597,1678,35179,143,15041,23283,3781,19502
"Cache County, Utah",122753,110095,968,373,3234,473,5253,2357,174,2183
"Davis County, Utah",342281,304284,4795,1841,6019,2845,11341,11156,2826,8330
"Salt Lake County, Utah",1121354,882231,19235,6570,44706,16997,114439,37176,6520,30656
"Utah County, Utah",592299,548560,3287,4182,8277,5381,5515,17097,1017,16080
"Washington County, Utah",160245,143282,624,2161,1461,1646,7247,3824,1248,2576
"Weber County, Utah",247560,223579,2438,1843,2914,281,9278,7227,836,6391
"Chittenden County, Vermont",161531,145945,4444,481,5969,44,1023,3625,383,3242
"Albemarle County, Virginia",106878,86536,10426,255,5383,70,1618,2590,126,2464
"Arlington County, Virginia",230050,162749,19802,962,23558,411,13518,9050,755,8295
"Bedford County, Virginia",77960,69040,5655,28,917,85,966,1269,352,917
"Chesterfield County, Virginia",339009,229400,76274,672,13052,254,8584,10773,656,10117
"Fairfax County, Virginia",1138652,705214,110990,2448,217179,979,53939,47903,4637,43266
"Fauquier County, Virginia",69069,59717,4975,323,1296,0,313,2445,837,1608
"Frederick County, Virginia",84421,76577,2682,453,1173,0,854,2682,126,2556
"Hanover County, Virginia",104392,90528,8977,281,1023,156,235,3192,247,2945
"Henrico County, Virginia",326501,188411,95882,591,27058,283,3972,10304,640,9664
"James City County, Virginia",74404,58683,9516,36,1654,0,779,3736,579,3157
"Loudoun County, Virginia",385945,258094,27802,1213,67889,769,11962,18216,1996,16220
"Montgomery County, Virginia",98602,84345,4420,419,5442,30,974,2972,636,2336
"Prince William County, Virginia",455210,254644,93401,1594,40673,356,41139,23403,3472,19931
"Roanoke County, Virginia",94031,82416,5908,232,2895,0,1166,1414,50,1364
"Rockingham County, Virginia",79744,73927,2701,0,552,217,1130,1217,0,1217
"Spotsylvania County, Virginia",132010,94731,21641,164,3101,49,7674,4650,612,4038
"Stafford County, Virginia",144361,96123,25628,666,5862,90,8659,7333,1589,5744
"York County, Virginia",67976,50925,8714,241,4245,612,566,2673,569,2104
"Alexandria city, Virginia",155810,92717,34500,99,9726,146,11250,7372,2103,5269
"Chesapeake city, Virginia",237940,147623,71159,68,7197,0,2808,9085,179,8906
"Hampton city, Virginia",135410,56219,68730,75,3506,476,1902,4502,322,4180
"Lynchburg city, Virginia",80212,53004,23624,312,795,0,235,2242,57,2185
"Newport News city, Virginia",181825,86739,73750,430,4472,202,3401,12831,1817,11014
"Norfolk city, Virginia",245115,115675,100685,832,9313,496,8111,10003,1270,8733
"Portsmouth city, Virginia",95252,38231,49467,265,1626,1001,1566,3096,0,3096
"Richmond city, Virginia",223170,101987,105155,650,4903,115,1948,8412,451,7961
"Roanoke city, Virginia",99660,63615,30307,68,3200,123,640,1707,240,1467
"Suffolk city, Virginia",89273,45912,37324,191,1688,89,583,3486,287,3199
"Virginia Beach city, Virginia",452602,303452,82660,901,30196,175,9160,26058,2689,23369
"Benton County, Washington",193686,161191,3631,1070,4742,81,16728,6243,1306,4937
"Chelan County, Washington",76338,68936,1393,95,1004,0,2161,2749,0,2749
"Clallam County, Washington",74570,65652,883,3385,774,48,728,3100,0,3100
"Clark County, Washington",467018,394477,8011,2095,22913,3821,14914,20787,1828,18959
"Cowlitz County, Washington",105160,95117,403,1316,926,69,1800,5529,306,5223
"Franklin County, Washington",90160,54718,1733,726,1777,759,26894,3553,845,2708
"Grant County, Washington",93546,59251,558,843,773,0,26679,5442,2477,2965
"Grays Harbor County, Washington",71628,62373,1187,2996,1304,132,514,3122,301,2821
"Island County, Washington",82636,70785,1993,898,3901,318,914,3827,132,3695
"King County, Washington",2149970,1393480,130762,11288,361162,17123,97649,138506,9465,129041
"Kitsap County, Washington",264811,213321,6587,3022,11318,2204,6781,21578,1814,19764
"Lewis County, Washington",77066,69504,542,1279,932,26,1836,2947,569,2378
"Pierce County, Washington",861312,629794,55912,10825,52850,12192,28744,70995,2328,68667
"Skagit County, Washington",123681,102076,736,2356,2563,354,11035,4561,872,3689
"Snohomish County, Washington",787620,598184,24290,7930,80706,4176,27135,45199,4944,40255
"Spokane County, Washington",499072,437088,9113,8027,11616,2794,9051,21383,1850,19533
"Thurston County, Washington",275222,226065,8506,3433,16030,2555,2870,15763,1097,14666
"Whatcom County, Washington",216800,178402,2619,6037,9298,524,11147,8773,476,8297
"Yakima County, Washington",249636,194416,3499,10785,2502,35,30169,8230,1946,6284
"Berkeley County, West Virginia",113525,98635,10472,271,902,0,1605,1640,199,1441
"Cabell County, West Virginia",95987,87445,4977,15,1307,0,149,2094,159,1935
"Kanawha County, West Virginia",186241,164796,13019,439,2148,0,194,5645,37,5608
"Monongalia County, West Virginia",104622,93692,4161,51,3845,0,630,2243,160,2083
"Raleigh County, West Virginia",76601,66581,5681,276,590,0,945,2528,65,2463
"Brown County, Wisconsin",260401,221450,5768,7072,7972,22,8699,9418,3046,6372
"Dane County, Wisconsin",531273,443862,25227,2137,30922,243,11260,17622,1777,15845
"Dodge County, Wisconsin",88068,85269,1584,105,107,0,149,854,0,854
"Eau Claire County, Wisconsin",102965,95273,764,463,4619,28,173,1645,90,1555
"Fond du Lac County, Wisconsin",102144,94027,762,528,1494,25,3086,2222,143,2079
"Jefferson County, Wisconsin",84625,79619,757,135,270,140,1411,2293,427,1866
"Kenosha County, Wisconsin",168183,143113,12119,827,2482,175,3251,6216,1988,4228
"La Crosse County, Wisconsin",118122,107056,1327,217,5207,9,1091,3215,252,2963
"Manitowoc County, Wisconsin",79536,74773,485,365,2022,0,217,1674,224,1450
"Marathon County, Wisconsin",135603,123417,483,456,7976,0,760,2511,62,2449
"Milwaukee County, Wisconsin",951448,562559,249436,4836,40031,168,57968,36450,4441,32009
"Outagamie County, Wisconsin",184526,165748,2474,2854,6610,65,3225,3550,409,3141
"Ozaukee County, Wisconsin",88314,82993,1353,230,1709,0,493,1536,395,1141
"Portage County, Wisconsin",70447,66177,485,162,1476,0,508,1639,391,1248
"Racine County, Wisconsin",195140,156136,21484,1268,2903,0,7096,6253,1138,5115
"Rock County, Wisconsin",161620,140747,7575,563,1734,0,6456,4545,381,4164
"St. Croix County, Wisconsin",88029,84757,746,297,769,6,143,1311,7,1304
"Sheboygan County, Wisconsin",115427,104025,2495,291,6384,0,251,1981,32,1949
"Walworth County, Wisconsin",102959,96375,1042,90,1026,0,2260,2166,607,1559
"Washington County, Wisconsin",134296,127485,1381,305,2081,126,1397,1521,187,1334
"Waukesha County, Wisconsin",398424,367790,6221,1459,13818,156,3701,5279,452,4827
"Winnebago County, Wisconsin",169886,156755,3786,1004,4567,0,1112,2662,78,2584
"Wood County, Wisconsin",73107,69526,853,347,1435,0,24,922,0,922
"Laramie County, Wyoming",98136,88958,2690,443,1200,362,1209,3274,276,2998
"Natrona County, Wyoming",81039,76905,1391,303,435,0,176,1829,0,1829